	name	encoding
0		[-0.1371544450521469, 0.1270519644021988, 0.06883056461811066, -0.018840191885828972, -0.024197950959205627, 0.003264111001044512, 0.009397072717547417, -0.03299688175320625, 0.23470686376094818, -0.05574631690979004, 0.2648853659629822, 0.02202100306749344, -0.22462211549282074, -0.05283718556165695, 0.010419041849672794, 0.0851965919137001, -0.20197200775146484, -0.0018984144553542137, -0.07567384839057922, -0.07230303436517715, 0.059408724308013916, 0.05699394643306732, 0.07154225558042526, 0.04994308948516846, -0.14717328548431396, -0.38187041878700256, -0.06842856854200363, -0.07223112881183624, 0.06971892714500427, -0.04109255224466324, -0.014059900306165218, -0.005682611837983131, -0.23644432425498962, -0.07798050343990326, -0.0521121472120285, 0.0009990539401769638, -0.004235658794641495, -0.06752248853445053, 0.1684662103652954, 0.015350126661360264, -0.11356677114963531, -0.014354879036545753, -0.044838204979896545, 0.26391279697418213, 0.16190782189369202, 0.01397567056119442, -0.005367754027247429, -0.022268056869506836, 0.06589005142450333, -0.24053330719470978, 0.05921768397092819, 0.12808509171009064, 0.041341375559568405, 0.008724709041416645, 0.07873375713825226, -0.1335202157497406, -0.026788897812366486, 0.15713049471378326, -0.1983635574579239, 0.04866049438714981, 0.014646422117948532, -0.02085835300385952, 0.04842240735888481, -0.04555024579167366, 0.1832326054573059, 0.12504927814006805, -0.08894018083810806, -0.12219264358282089, 0.06233641877770424, -0.1187836229801178, 0.05837857350707054, 0.060178160667419434, -0.09858038276433945, -0.23309174180030823, -0.2795790433883667, 0.11692686378955841, 0.39776307344436646, 0.18749915063381195, -0.15414851903915405, -0.009055200032889843, -0.1421944946050644, -0.04910030961036682, 0.13764692842960358, 0.0012610795674845576, -0.06634446233510971, -0.028245864436030388, -0.11451803147792816, 0.07149067521095276, 0.17111574113368988, 0.045087020844221115, -0.1037137508392334, 0.2673296332359314, -0.03533275052905083, -0.026301078498363495, 0.004016830585896969, -0.00816325843334198, -0.13055525720119476, 0.037339720875024796, -0.10625262558460236, 0.035061001777648926, 0.032196614891290665, -0.07649300992488861, 0.0038197729736566544, 0.09098188579082489, -0.18667957186698914, 0.09479863196611404, 0.020325232297182083, -0.037629470229148865, 0.021442972123622894, 0.013141797855496407, -0.19323715567588806, -0.029527414590120316, 0.14999772608280182, -0.2685280740261078, 0.22668638825416565, 0.13728851079940796, 0.030602920800447464, 0.21881136298179626, 0.04576664790511131, 0.04308068007230759, -0.012224918231368065, 0.011080225929617882, -0.08196449279785156, -0.03957490250468254, 0.0756988674402237, -0.03289284184575081, 0.14272259175777435, 0.00012468593195080757]
1		[-0.13739652931690216, 0.1424938142299652, 0.045157045125961304, -0.05715563893318176, -0.020040316507220268, -0.013673304580152035, -0.013007036410272121, -0.025384539738297462, 0.2538636326789856, -0.0965423434972763, 0.28524425625801086, 0.029496362432837486, -0.17723461985588074, -0.10492972284555435, 0.0037725362926721573, 0.1343529224395752, -0.21456244587898254, 0.00013027526438236237, -0.07292991131544113, -0.0968872606754303, 0.03467967361211777, 0.0340152233839035, 0.05872349813580513, 0.07686398178339005, -0.12285280227661133, -0.3586302399635315, -0.06645810604095459, -0.10811612755060196, 0.012342246249318123, -0.06460928171873093, -0.035092804580926895, -0.013221480883657932, -0.20413468778133392, -0.09595261514186859, -0.04913952946662903, 0.022850072011351585, -0.015525883063673973, -0.0015875347889959812, 0.1453143060207367, 0.003652621991932392, -0.09036212414503098, 0.015701087191700935, -0.021006127819418907, 0.293162077665329, 0.16889777779579163, 0.022949164733290672, 0.010571430437266827, -0.030174165964126587, 0.11738482117652893, -0.2427186518907547, 0.07535360008478165, 0.10279396176338196, 0.03981854021549225, 0.027213040739297867, 0.0569881908595562, -0.0821482241153717, -0.04439349099993706, 0.1579325944185257, -0.1518034040927887, 0.05962035804986954, 0.04431619495153427, -0.032762639224529266, -0.051204144954681396, -0.0378720723092556, 0.18881429731845856, 0.15698836743831635, -0.11749134212732315, -0.13650943338871002, 0.04346124455332756, -0.12229543924331665, 0.014529561623930931, 0.051848314702510834, -0.11426940560340881, -0.2110901176929474, -0.27668502926826477, 0.1094464510679245, 0.39686551690101624, 0.16643929481506348, -0.14310790598392487, -0.02161688730120659, -0.14786849915981293, -0.022466646507382393, 0.12321024388074875, 0.025020597502589226, -0.035658854991197586, -0.015263767912983894, -0.08822886645793915, 0.10112297534942627, 0.15976360440254211, 0.0055205803364515305, -0.07949941605329514, 0.2487458884716034, -0.01467584352940321, 0.02189045399427414, -0.038073521107435226, 0.007731145713478327, -0.08984497934579849, 0.03010084666311741, -0.1208384782075882, 0.033221080899238586, 0.047579482197761536, -0.040559545159339905, -0.02022343873977661, 0.03493259474635124, -0.19847969710826874, 0.13620878756046295, 0.0372832790017128, 0.002519872970879078, 0.02752184495329857, 0.03863232582807541, -0.15882465243339539, -0.027842113748192787, 0.1461809277534485, -0.22289517521858215, 0.22426186501979828, 0.16341927647590637, 0.05059744417667389, 0.1977790892124176, 0.04627333581447601, 0.0270245224237442, -0.004019405692815781, -0.025855552405118942, -0.09588707238435745, -0.03419126570224762, 0.06372489780187607, -0.008135555312037468, 0.12480718642473221, -0.014234665781259537]
2		[-0.11938030272722244, 0.13147267699241638, 0.04915395379066467, -0.046146806329488754, -0.022152040153741837, 0.022143583744764328, -0.017118394374847412, -0.019900711253285408, 0.2595736086368561, -0.08017700165510178, 0.2581739127635956, 0.05967092514038086, -0.17239606380462646, -0.0964001789689064, 0.010911226272583008, 0.10645388811826706, -0.19784776866436005, -0.02882014960050583, -0.07243771106004715, -0.1000998318195343, 0.06127562373876572, 0.06771091371774673, 0.02827155403792858, 0.07864641398191452, -0.13298726081848145, -0.3769199848175049, -0.050697918981313705, -0.09260629862546921, 0.01364559680223465, -0.0565107986330986, -0.03861548751592636, -0.011119881644845009, -0.2141135185956955, -0.10230538249015808, -0.03966331481933594, 0.01698353886604309, -0.0019402089528739452, -0.01798122748732567, 0.14108523726463318, 0.04178311303257942, -0.08648987859487534, 0.025206414982676506, -0.018676767125725746, 0.3059535622596741, 0.18750296533107758, 0.03884395956993103, -0.0028170738369226456, -0.0028813276439905167, 0.12167243659496307, -0.26944786310195923, 0.06444837898015976, 0.1296379119157791, 0.0498943030834198, 0.021859243512153625, 0.08488117158412933, -0.10873077809810638, -0.0664670318365097, 0.13526035845279694, -0.15846408903598785, 0.057709045708179474, 0.0040104081854224205, -0.03513165935873985, -0.016262400895357132, -0.06184372678399086, 0.1696913242340088, 0.14862093329429626, -0.0919073149561882, -0.12562325596809387, 0.014835769310593605, -0.11728958040475845, 0.013674489222466946, 0.03155369311571121, -0.12016117572784424, -0.2096182107925415, -0.25593870878219604, 0.12358491867780685, 0.40235698223114014, 0.18259850144386292, -0.16209866106510162, -0.007043276913464069, -0.13928194344043732, -0.010966993868350983, 0.14566107094287872, -0.011243782006204128, -0.013002785854041576, -0.03148021921515465, -0.08988587558269501, 0.08956365287303925, 0.15706412494182587, 0.017323173582553864, -0.07483427971601486, 0.24892599880695343, -0.03729421645402908, 0.004882552661001682, -0.01982339657843113, 0.00928934570401907, -0.11330417543649673, 0.06369118392467499, -0.11710213124752045, 0.02879965491592884, 0.03843376785516739, -0.02071516588330269, 0.02790355682373047, 0.03393121808767319, -0.19461709260940552, 0.10230627655982971, 0.027206439524888992, -0.0018152114935219288, 0.03772149980068207, 0.03557657077908516, -0.18706963956356049, -0.03909752890467644, 0.13961462676525116, -0.2318020910024643, 0.22404441237449646, 0.14933493733406067, -0.00290261534973979, 0.22024261951446533, 0.03913163021206856, 0.04036600887775421, -0.012642277404665947, -0.009944140911102295, -0.07332674413919449, -0.044486112892627716, 0.06318417936563492, 0.015285152941942215, 0.11296980828046799, -0.02458415925502777]
3		[-0.12187302857637405, 0.15705469250679016, 0.05800684168934822, -0.0470275804400444, -0.03580007329583168, 0.014368786476552486, -0.022005660459399223, -0.01959693245589733, 0.22501039505004883, -0.05674853175878525, 0.24587035179138184, 0.025587068870663643, -0.1850290596485138, -0.06084068864583969, -0.015144146978855133, 0.10964121669530869, -0.21504807472229004, 0.005897006019949913, -0.11226816475391388, -0.0948895588517189, 0.011991426348686218, 0.05256372690200806, 0.06480912119150162, 0.06376613676548004, -0.11584600061178207, -0.34769853949546814, -0.04119337722659111, -0.08606067299842834, 0.04037727415561676, -0.0436907634139061, 0.0016480376943945885, -0.011414754204452038, -0.2155224233865738, -0.08690278232097626, -0.058829765766859055, -0.022987132892012596, -0.01827961578965187, -0.03399015590548515, 0.15596550703048706, -0.0011817486956715584, -0.09250441193580627, 0.008890627883374691, -0.030278297141194344, 0.27397793531417847, 0.1772570013999939, 0.02376454509794712, 0.0022824108600616455, -0.04273008555173874, 0.1174531877040863, -0.23799197375774384, 0.08278781175613403, 0.1253664195537567, 0.0500183030962944, 0.011328475549817085, 0.07724133133888245, -0.10127107053995132, -0.027826007455587387, 0.17219902575016022, -0.1731303483247757, 0.057531196624040604, 0.018175344914197922, 0.022597523406147957, 0.0147122573107481, -0.04513541981577873, 0.1828526258468628, 0.14701609313488007, -0.10957016795873642, -0.13453923165798187, 0.042073603719472885, -0.09888046979904175, 0.036141734570264816, 0.054399337619543076, -0.1018085703253746, -0.21700923144817352, -0.29889583587646484, 0.11416986584663391, 0.39424198865890503, 0.17106938362121582, -0.15467706322669983, -0.04052326828241348, -0.14280842244625092, -0.04756522551178932, 0.13373661041259766, 0.012176742777228355, -0.09188100695610046, -0.06376777589321136, -0.08389698714017868, 0.0812271237373352, 0.15307988226413727, 0.03237944096326828, -0.12915584444999695, 0.24858105182647705, -0.013105461373925209, -0.029166042804718018, -0.03889724612236023, 0.020690305158495903, -0.12766332924365997, 0.05425231158733368, -0.11970820277929306, 0.04276750236749649, 0.05368141457438469, -0.020756101235747337, -0.008253713138401508, 0.07210314273834229, -0.1597500443458557, 0.11015139520168304, 0.02821488119661808, 0.0007243696600198746, 0.023774325847625732, 0.027438824996352196, -0.20193219184875488, -0.038621168583631516, 0.16001246869564056, -0.22058811783790588, 0.2140207588672638, 0.12063051015138626, 0.03773011639714241, 0.18733534216880798, 0.07911113649606705, 0.029268428683280945, 0.00812356173992157, 0.004397474229335785, -0.07428295910358429, -0.03404346853494644, 0.09678982943296432, -0.020226798951625824, 0.13898073136806488, 0.006277419161051512]
4		[-0.17051517963409424, 0.128795325756073, 0.06827467679977417, -0.03718648478388786, 0.016977714374661446, -0.014320261776447296, -0.015303142368793488, -0.03375866636633873, 0.2128312885761261, -0.04887218028306961, 0.28394603729248047, 0.010984811000525951, -0.19626426696777344, -0.09113720059394836, 0.008851994760334492, 0.10745449364185333, -0.2188607007265091, 0.0010752016678452492, -0.10924828052520752, -0.12286099046468735, 0.036559320986270905, 0.07197093963623047, 0.05389188602566719, 0.06352631002664566, -0.1400817483663559, -0.3716607093811035, -0.050074346363544464, -0.10030990839004517, 0.03172348439693451, -0.04534731060266495, 0.03369816020131111, -0.01293709222227335, -0.2306751012802124, -0.07401140034198761, -0.06683829426765442, -0.004871165379881859, -0.004971173591911793, -0.042330823838710785, 0.1495642215013504, 0.00035253819078207016, -0.08936167508363724, -0.015013678930699825, -0.017071878537535667, 0.2803700864315033, 0.1813352406024933, 0.019817013293504715, -0.01663673296570778, -0.014306837692856789, 0.07692573964595795, -0.25931307673454285, 0.054251860827207565, 0.12723703682422638, 0.054752472788095474, 0.015237545594573021, 0.072990283370018, -0.10189415514469147, -0.02744423970580101, 0.1417946070432663, -0.19083958864212036, 0.035045068711042404, 0.003795154392719269, -0.0041999612003564835, -0.00878756120800972, -0.0320778414607048, 0.19080716371536255, 0.14345663785934448, -0.12151676416397095, -0.10307222604751587, 0.055565088987350464, -0.10298240184783936, 0.038055308163166046, 0.05907783657312393, -0.10960233956575394, -0.2403193861246109, -0.3112936019897461, 0.12718740105628967, 0.3953874111175537, 0.1509895622730255, -0.1620078682899475, -0.007662794552743435, -0.14683225750923157, -0.01951782777905464, 0.13046124577522278, -0.002229153411462903, -0.07975953072309494, -0.049685999751091, -0.08625462651252747, 0.08995405584573746, 0.1408853381872177, 0.045159779489040375, -0.12353049963712692, 0.255708247423172, -0.028715208172798157, -0.031222715973854065, -0.011495749466121197, 0.01962411403656006, -0.09048576653003693, 0.02903299778699875, -0.10563882440328598, 0.0435047373175621, 0.07529968023300171, -0.02157718315720558, -0.0007251850329339504, 0.06302295625209808, -0.171953946352005, 0.12178898602724075, 0.05436887592077255, -0.015360219404101372, 0.045428693294525146, 0.029831338673830032, -0.1868177354335785, -0.03702384978532791, 0.15455548465251923, -0.24410301446914673, 0.21526308357715607, 0.1435006558895111, 0.023949066177010536, 0.21781288087368011, 0.06000787764787674, 0.03820063918828964, -0.020671099424362183, 0.011006256565451622, -0.0892714187502861, -0.0363546721637249, 0.08307474106550217, -0.012002977542579174, 0.1279173493385315, 0.0018738852813839912]
5		[-0.17017988860607147, 0.13544978201389313, 0.06976388394832611, -0.01689598523080349, -0.0038788120727986097, 0.003341741394251585, -0.0009197313338518143, -0.025668591260910034, 0.22130316495895386, -0.06636560708284378, 0.28144383430480957, 0.013233617879450321, -0.19757281243801117, -0.0995739996433258, 0.012704641558229923, 0.09489021450281143, -0.228153795003891, -0.015436531975865364, -0.09877479821443558, -0.12990884482860565, 0.028330974280834198, 0.09630370885133743, 0.06228368729352951, 0.04868869483470917, -0.15197913348674774, -0.38913917541503906, -0.062191225588321686, -0.09782225638628006, 0.07164420932531357, -0.08235932886600494, 0.01787642389535904, -0.0014659843873232603, -0.22979211807250977, -0.0890575647354126, -0.034134700894355774, 0.02372877672314644, 0.03569325804710388, -0.052007220685482025, 0.1653698980808258, 0.00537415686994791, -0.08195531368255615, -0.025356832891702652, 0.0022064540535211563, 0.3069559335708618, 0.1720922291278839, 0.030007638037204742, -0.03395397961139679, -0.008504706434905529, 0.08493555337190628, -0.2546766400337219, 0.08373970538377762, 0.11644405871629715, 0.057394109666347504, 0.012811094522476196, 0.08186909556388855, -0.12508395314216614, -0.04987470060586929, 0.1431238204240799, -0.18981380760669708, 0.03557338938117027, 0.021438777446746826, -0.01504800096154213, 0.006308788433670998, -0.029841778799891472, 0.20561176538467407, 0.13148590922355652, -0.11604808270931244, -0.10800624638795853, 0.07160898298025131, -0.10602954030036926, 0.05131654813885689, 0.052790798246860504, -0.08980344980955124, -0.20950841903686523, -0.2866479754447937, 0.14185167849063873, 0.43217843770980835, 0.1888355165719986, -0.1524418592453003, -0.00011130422353744507, -0.1593136489391327, -0.03700245916843414, 0.11101153492927551, 0.0162899699062109, -0.09115950763225555, -0.016901232302188873, -0.08996205031871796, 0.11411534249782562, 0.13276317715644836, 0.07820985466241837, -0.12167558819055557, 0.25859227776527405, -0.038095973432064056, -0.013228033669292927, 0.008373547345399857, -0.006571047008037567, -0.1254211664199829, 0.01740855537354946, -0.11330661177635193, 0.016552608460187912, 0.07287126034498215, -0.028107352554798126, 0.02464980259537697, 0.09959202259778976, -0.17188973724842072, 0.12088276445865631, 0.03374008461833, -0.03129448741674423, 0.04684849828481674, 0.03521566838026047, -0.16286982595920563, -0.025288119912147522, 0.14698545634746552, -0.274281769990921, 0.19919519126415253, 0.11950168013572693, 0.017080014571547508, 0.2522677779197693, 0.06872548162937164, 0.05977458506822586, 0.004040606785565615, -0.0008124858140945435, -0.08699093759059906, -0.04787039756774902, 0.07287316024303436, -0.017591068521142006, 0.16072356700897217, 0.00836135447025299]
6		[-0.12860359251499176, 0.10326936841011047, 0.035338714718818665, -0.046106480062007904, -0.01818433776497841, 0.02223764732480049, -0.0016445936635136604, -0.03432629257440567, 0.2327258288860321, -0.08679720759391785, 0.2555640637874603, 0.03247326239943504, -0.1757572591304779, -0.11261028051376343, 0.030678074806928635, 0.09512583911418915, -0.1926371157169342, -0.03148704767227173, -0.09782944619655609, -0.12535221874713898, 0.011356405913829803, 0.060460157692432404, 0.06216453015804291, 0.08508070558309555, -0.1674746870994568, -0.3882087171077728, -0.04829194396734238, -0.12419469654560089, 0.01751137152314186, -0.06898820400238037, -0.06073933467268944, -0.009538485668599606, -0.217550128698349, -0.10128528624773026, -0.04515495151281357, 0.041185665875673294, -0.0022634146735072136, -0.030374638736248016, 0.14418917894363403, 0.017401928082108498, -0.0809512585401535, 0.011853564530611038, -0.01826944574713707, 0.3077869415283203, 0.19814841449260712, 0.007657187059521675, -0.001580575481057167, 0.005911529064178467, 0.11626394838094711, -0.2753024101257324, 0.10308180004358292, 0.10455791652202606, 0.028507573530077934, 0.01644665002822876, 0.08479321748018265, -0.08462370932102203, -0.08306305855512619, 0.12774021923542023, -0.13825517892837524, 0.06208522990345955, 0.010920317843556404, 0.009457342326641083, -0.025235183537006378, -0.05493690073490143, 0.17116646468639374, 0.17860229313373566, -0.0973164439201355, -0.10864438861608505, 0.042326390743255615, -0.13861724734306335, 0.0200812891125679, 0.018216107040643692, -0.12254179269075394, -0.2071378529071808, -0.2672351002693176, 0.1148969903588295, 0.4015445411205292, 0.19299516081809998, -0.17453806102275848, -0.03792125731706619, -0.15040723979473114, -0.013082632794976234, 0.15658679604530334, -0.009006008505821228, -0.02107684314250946, -0.009222647175192833, -0.08725985139608383, 0.12864826619625092, 0.17585009336471558, 0.02974621392786503, -0.10680703073740005, 0.2539360821247101, -0.02250909060239792, 0.001510361209511757, 0.01700448989868164, 0.027705106884241104, -0.10426727682352066, 0.02928159199655056, -0.153011292219162, 0.04040607437491417, 0.06698335707187653, -0.017330508679151535, 0.014301596209406853, 0.06641636788845062, -0.1715073138475418, 0.1295645385980606, 0.039576902985572815, -0.008709551766514778, 0.04978753998875618, 0.04443127661943436, -0.1834801286458969, -0.046796102076768875, 0.14980784058570862, -0.20704707503318787, 0.19678758084774017, 0.1449098140001297, 0.015864133834838867, 0.20992083847522736, 0.032958753407001495, 0.02111843228340149, -0.0036566685885190964, -0.004439295269548893, -0.09095358103513718, -0.041537024080753326, 0.053287021815776825, 0.020533336326479912, 0.11470576375722885, 0.0002920767292380333]
7		[-0.16812331974506378, 0.12051191180944443, 0.05065152794122696, -0.05408060923218727, -0.016584014520049095, 0.031595733016729355, -0.01825336366891861, 0.005176805891096592, 0.23570086061954498, -0.08641472458839417, 0.23578783869743347, 0.039686303585767746, -0.19220472872257233, -0.08932371437549591, 0.04517500475049019, 0.10742422938346863, -0.17744892835617065, -0.0310203917324543, -0.10743140429258347, -0.11753056943416595, 0.040041178464889526, 0.08997628092765808, 0.06342381983995438, 0.0735517144203186, -0.18918770551681519, -0.39518991112709045, -0.049448151141405106, -0.11277531832456589, 0.024094317108392715, -0.08868034929037094, -0.05785279721021652, -0.03285297006368637, -0.22139090299606323, -0.0878346636891365, -0.03292099013924599, 0.05349064618349075, 0.006268549244850874, -0.05360958352684975, 0.13841494917869568, 0.007176563143730164, -0.09783151745796204, 0.007693120744079351, 0.013353580608963966, 0.2919818162918091, 0.18147149682044983, 0.017443202435970306, -0.000940980389714241, -0.013724380172789097, 0.13355456292629242, -0.2677179276943207, 0.12831442058086395, 0.08065282553434372, 0.02760063298046589, 0.030991042032837868, 0.12338624894618988, -0.10019449889659882, -0.059006184339523315, 0.15658098459243774, -0.16602720320224762, 0.05594422295689583, 0.0019011087715625763, 0.03022405132651329, -0.024170052260160446, -0.060484711080789566, 0.16739530861377716, 0.17576424777507782, -0.09776771813631058, -0.12777575850486755, 0.03842225298285484, -0.12460209429264069, 0.03737463802099228, 0.05332846939563751, -0.1066102609038353, -0.20131324231624603, -0.2696063816547394, 0.11618497967720032, 0.3868618309497833, 0.20167754590511322, -0.1644667536020279, -0.01878008246421814, -0.12023986130952835, -0.037359241396188736, 0.13177262246608734, -0.004531709477305412, -0.053347572684288025, 0.0011700624600052834, -0.07984942197799683, 0.14315450191497803, 0.18346041440963745, 0.059285350143909454, -0.08897784352302551, 0.2569980323314667, -0.005010224878787994, -0.009517238475382328, 0.007859287783503532, 0.033099863678216934, -0.14531059563159943, 0.002130813430994749, -0.14382630586624146, 0.0049499813467264175, 0.076802559196949, -0.009223760105669498, 0.004139786120504141, 0.08368834853172302, -0.18701952695846558, 0.13499955832958221, 0.02903827093541622, -0.020334932953119278, 0.03518326207995415, 0.048010483384132385, -0.17099247872829437, -0.028812818229198456, 0.12245012074708939, -0.2147638499736786, 0.17650572955608368, 0.12306574732065201, 0.015352258458733559, 0.20699039101600647, 0.039970189332962036, 0.020677097141742706, 0.003419796470552683, 0.005165834911167622, -0.10390879958868027, -0.03940341994166374, 0.0842759907245636, 0.009956537745893002, 0.13788503408432007, 0.006239522248506546]
8		[-0.1575576663017273, 0.14826202392578125, 0.06132311746478081, -0.0022207582369446754, -0.0321781225502491, -0.011128706857562065, -0.013927904888987541, -0.070163294672966, 0.2359536737203598, -0.050418920814991, 0.2918694019317627, 0.0143948495388031, -0.19562998414039612, -0.05638688802719116, -0.029917923733592033, 0.10966508090496063, -0.21775253117084503, -0.02385231852531433, -0.07305177301168442, -0.091807521879673, 0.0686275064945221, 0.08280722796916962, 0.05548117309808731, 0.055235665291547775, -0.15387898683547974, -0.362263023853302, -0.07385698705911636, -0.09850859642028809, 0.06350258737802505, -0.04780454933643341, -0.004342987202107906, -0.011524652130901814, -0.20894362032413483, -0.08251828700304031, -0.015118993818759918, 0.024685854092240334, -0.00015203049406409264, -0.060736123472452164, 0.17899779975414276, 0.02341824769973755, -0.09437193721532822, 0.011485341005027294, -0.010609162971377373, 0.30408522486686707, 0.1556873917579651, 0.01429055631160736, -0.004366761073470116, -0.053701773285865784, 0.09963622689247131, -0.2509799599647522, 0.07472855597734451, 0.13503682613372803, 0.08295521140098572, 0.04145929962396622, 0.0904638022184372, -0.11675325036048889, -0.020572200417518616, 0.1505885124206543, -0.1980506032705307, 0.05701662600040436, 0.027015894651412964, -0.0016778595745563507, 0.044632576406002045, -0.02338363043963909, 0.19408883154392242, 0.1258624941110611, -0.11433810740709305, -0.09012216329574585, 0.013294024392962456, -0.09850332885980606, 0.01945386454463005, 0.058048732578754425, -0.1017313078045845, -0.24608545005321503, -0.2889796197414398, 0.12529189884662628, 0.46983909606933594, 0.17688967287540436, -0.17652009427547455, 0.0055020591244101524, -0.13437394797801971, -0.06038424372673035, 0.13813163340091705, 0.01459433976560831, -0.07425495982170105, -0.023887868970632553, -0.12173140794038773, 0.09190049022436142, 0.17360569536685944, 0.016240861266851425, -0.10365539789199829, 0.2812619209289551, -0.030416086316108704, 0.003689994104206562, -0.004307102877646685, 0.032467443495988846, -0.12803855538368225, 0.02938181534409523, -0.08163338899612427, -0.0023222314193844795, 0.062117017805576324, -0.020454920828342438, 0.013530625030398369, 0.051709599792957306, -0.1858089715242386, 0.1037764847278595, 0.038405075669288635, -0.026354268193244934, 0.015976738184690475, 0.004842827096581459, -0.17831026017665863, -0.015412778593599796, 0.14744994044303894, -0.27363038063049316, 0.22624170780181885, 0.11598320305347443, 0.0048614488914608955, 0.23874469101428986, 0.06128929555416107, 0.020222947001457214, -0.00306742824614048, -0.009213308803737164, -0.03794997185468674, -0.04888619855046272, 0.08063451200723648, 0.005349921528249979, 0.15061116218566895, -0.005593977868556976]
9		[-0.16118314862251282, 0.11358165740966797, 0.05880891531705856, -0.03313003107905388, 0.004589746240526438, 0.0036113965325057507, 0.029437270015478134, -0.02440851740539074, 0.22619156539440155, -0.07092904299497604, 0.27229195833206177, 0.012905288487672806, -0.18639414012432098, -0.07603391259908676, 0.00041979458183050156, 0.11349634826183319, -0.19707722961902618, -0.02868744358420372, -0.08132540434598923, -0.09656039625406265, 0.05364558845758438, 0.056316472589969635, 0.0777505561709404, 0.058926600962877274, -0.13257433474063873, -0.39640727639198303, -0.04544494301080704, -0.10919017344713211, 0.07303986698389053, 0.00685733649879694, -0.0016981549561023712, -0.007949206046760082, -0.2291625738143921, -0.06064014136791229, -0.05708519369363785, 0.007033605128526688, -0.002733874600380659, -0.03418197110295296, 0.17251941561698914, 0.0024568336084485054, -0.10330932587385178, -0.0071205440908670425, -0.03051290288567543, 0.2804092764854431, 0.15488044917583466, 0.030690602958202362, 0.015105564147233963, -0.025517936795949936, 0.06134090572595596, -0.25356608629226685, 0.09071516245603561, 0.10410314053297043, 0.058975327759981155, 0.01611725240945816, 0.05393397808074951, -0.11843781918287277, -0.026544781401753426, 0.1301707923412323, -0.19850465655326843, 0.06365920603275299, 0.012180855497717857, 0.01726958528161049, -0.002831024117767811, -0.04803124815225601, 0.20139001309871674, 0.14334897696971893, -0.11398084461688995, -0.11564649641513824, 0.06313459575176239, -0.1311211735010147, 0.05509349703788757, 0.05745803564786911, -0.12047240883111954, -0.2284618616104126, -0.2847687005996704, 0.12721261382102966, 0.39158034324645996, 0.1837242841720581, -0.13867469131946564, -0.022667216137051582, -0.1236690953373909, -0.005613148212432861, 0.14733541011810303, 0.016883470118045807, -0.0734502524137497, -0.042319156229496, -0.09582109749317169, 0.07762806117534637, 0.14547474682331085, 0.02972785383462906, -0.13851971924304962, 0.2517285645008087, -0.026561275124549866, -0.01232133712619543, -0.030889101326465607, 0.02225179597735405, -0.09213615953922272, 0.0452381931245327, -0.10724225640296936, 0.04633166640996933, 0.04281151294708252, -0.017160434275865555, -0.0007993457838892937, 0.07444213330745697, -0.17656011879444122, 0.11051316559314728, 0.0019288586918264627, -0.012462081387639046, 0.041928261518478394, 0.03824346512556076, -0.17769508063793182, -0.0471205972135067, 0.13008390367031097, -0.21821992099285126, 0.20712661743164062, 0.1637488305568695, 0.03936082869768143, 0.21688532829284668, 0.059771861881017685, 0.029175100848078728, 0.005474770441651344, 0.016722099855542183, -0.1285640448331833, -0.020948516204953194, 0.08511601388454437, -0.029400775209069252, 0.12645365297794342, 0.01393192820250988]
10		[-0.1413889080286026, 0.06965966522693634, 0.04735007882118225, -0.029874874278903008, -0.010316669009625912, 0.04153340682387352, 0.03631206229329109, -0.005436708219349384, 0.2091684192419052, -0.02137625589966774, 0.25215986371040344, 0.03295190632343292, -0.20196083188056946, -0.09504874050617218, 0.01527444925159216, 0.0962318405508995, -0.2084716111421585, 0.0034797191619873047, -0.10181183367967606, -0.08451236039400101, 0.06640327721834183, 0.08283507078886032, 0.0837998315691948, 0.06765729188919067, -0.1372290998697281, -0.38957569003105164, -0.009334315545856953, -0.09425868093967438, 0.05253046751022339, -0.005977668333798647, -0.0038241390138864517, 0.05676918476819992, -0.19879180192947388, -0.037981294095516205, -0.022750163450837135, -0.001791335642337799, 0.018517930060625076, -0.0018935957923531532, 0.16794440150260925, 0.015303912572562695, -0.1264832466840744, 0.021023515611886978, -0.014600102789700031, 0.2643376290798187, 0.17582303285598755, 0.03410354256629944, 0.012878644280135632, -0.037204839289188385, 0.0872822180390358, -0.28156039118766785, 0.08316482603549957, 0.12403595447540283, 0.05858830362558365, -0.02276630513370037, 0.08758442848920822, -0.12382353842258453, -0.07137750834226608, 0.11848026514053345, -0.15001340210437775, 0.10933531820774078, -0.021323230117559433, -0.037279173731803894, -0.023011144250631332, -0.07271289080381393, 0.13147525489330292, 0.14516933262348175, -0.08835531026124954, -0.15617920458316803, 0.05918782949447632, -0.13512183725833893, -0.009149267338216305, 0.0936320349574089, -0.11095726490020752, -0.2157791256904602, -0.2919797897338867, 0.06725859642028809, 0.36885786056518555, 0.1705828756093979, -0.2123546451330185, -0.013853573240339756, -0.11788391321897507, 0.018630359321832657, 0.1783267706632614, 0.043749935925006866, -0.055470049381256104, -0.044794972985982895, -0.10022472590208054, 0.048352163285017014, 0.16561542451381683, 0.019295433536171913, -0.12953141331672668, 0.2935241758823395, 0.011514157056808472, 0.002375597134232521, -0.010602086782455444, 0.0007850159890949726, -0.05300832912325859, 0.027112023904919624, -0.13099849224090576, -0.0009641256183385849, 0.07526274025440216, -0.01778789795935154, 0.031930889934301376, 0.06115607172250748, -0.20162130892276764, 0.10372817516326904, -0.00039161229506134987, 0.013400668278336525, 0.096921406686306, 0.03105277009308338, -0.14887721836566925, -0.02000191994011402, 0.14059795439243317, -0.24612073600292206, 0.21247300505638123, 0.1620161235332489, 0.029227813705801964, 0.18777456879615784, 0.04143964499235153, 0.04345179349184036, 0.0018275938928127289, 0.010134894400835037, -0.09673990309238434, -0.022701755166053772, 0.08016693592071533, -0.022670073434710503, 0.08136641979217529, -0.0011647893115878105]
11		[-0.156997412443161, 0.07458281517028809, 0.06469140201807022, -0.01800449565052986, 0.022591589018702507, -0.008582433685660362, 0.049536705017089844, -0.027717282995581627, 0.2159872055053711, -0.04677737131714821, 0.24872219562530518, 0.02709835022687912, -0.17775078117847443, -0.0857454389333725, 0.03006003051996231, 0.10287284851074219, -0.19487428665161133, -0.004812332335859537, -0.09226719290018082, -0.08573435992002487, 0.07140957564115524, 0.06309813261032104, 0.044109925627708435, 0.07774116098880768, -0.15404930710792542, -0.37901562452316284, -0.04291343688964844, -0.11216863989830017, 0.04057251662015915, -0.003976321313530207, 0.01362400222569704, 0.02856694906949997, -0.21099215745925903, -0.04033508896827698, -0.035272613167762756, -0.013052990660071373, 0.0156750176101923, -0.01601257734000683, 0.16205796599388123, 0.01414289977401495, -0.12447401881217957, -0.0100498516112566, -0.02530563250184059, 0.25119248032569885, 0.15719234943389893, 0.011455629020929337, 0.022444946691393852, -0.024504929780960083, 0.09060978889465332, -0.2720562815666199, 0.06121636927127838, 0.0905030369758606, 0.04984954744577408, -0.001905948854982853, 0.09000258892774582, -0.1262362152338028, -0.05789034068584442, 0.10818073153495789, -0.18477977812290192, 0.1147589311003685, -0.022438939660787582, -0.06670239567756653, -0.03279401734471321, -0.04660262167453766, 0.1538870930671692, 0.14679637551307678, -0.09898450970649719, -0.13560913503170013, 0.0838584303855896, -0.1422107070684433, 0.02331053651869297, 0.07268542051315308, -0.08993221074342728, -0.22962020337581635, -0.30220019817352295, 0.08503647148609161, 0.37906357645988464, 0.17882300913333893, -0.202145054936409, 0.009466697461903095, -0.13853803277015686, 0.01273808442056179, 0.16855484247207642, 0.04502279311418533, -0.03686206415295601, -0.015941347926855087, -0.09108178317546844, 0.0585043802857399, 0.1659964919090271, 0.03188237547874451, -0.11815421283245087, 0.28570353984832764, -0.034343473613262177, 0.004379177466034889, -0.020066075026988983, -0.015558677725493908, -0.07945078611373901, 0.004883706569671631, -0.1006668359041214, 0.0015851687639951706, 0.07199642062187195, -0.0070694247260689735, 0.02750677429139614, 0.06669341772794724, -0.19112341105937958, 0.1191302090883255, 0.005632956512272358, 0.004797601141035557, 0.06214078888297081, 0.03856794536113739, -0.1664803922176361, -0.016034048050642014, 0.12935049831867218, -0.2337425947189331, 0.222806915640831, 0.13949929177761078, 0.007848372682929039, 0.19905127584934235, 0.035494014620780945, 0.024937018752098083, -0.006078447215259075, 0.0008525988087058067, -0.10821621865034103, -0.013563602231442928, 0.0901767909526825, -0.025086160749197006, 0.10326619446277618, -0.011997872032225132]
12		[-0.1930985003709793, 0.14745202660560608, 0.10572431981563568, -0.00872312393039465, -0.0242005567997694, 0.03162366524338722, -0.022044463083148003, -0.01767011359333992, 0.2499845325946808, -0.07166866958141327, 0.23353153467178345, 0.054066866636276245, -0.15324272215366364, -0.08143692463636398, -0.02114870771765709, 0.12767325341701508, -0.19075509905815125, 0.002972670830786228, -0.10107848048210144, -0.10384019464254379, 0.06361249834299088, 0.12837758660316467, 0.05314699187874794, 0.04512251541018486, -0.1568548083305359, -0.39158087968826294, -0.08335229009389877, -0.10704714059829712, 0.05126842483878136, -0.0703931674361229, -0.029179058969020844, -0.006890948861837387, -0.17799611389636993, -0.10137028247117996, -0.03241134434938431, 0.033945031464099884, -0.004422637168318033, -0.026924237608909607, 0.12503670156002045, 0.060885947197675705, -0.09451546519994736, 0.04057023674249649, 0.01736673340201378, 0.32550832629203796, 0.16305233538150787, 0.04109941050410271, -0.016612842679023743, -0.05292030796408653, 0.10196705907583237, -0.21493886411190033, 0.07088371366262436, 0.10473310202360153, 0.04299263656139374, 0.06053788214921951, 0.10261937975883484, -0.1369733214378357, -0.023516474291682243, 0.12387093156576157, -0.18839053809642792, 0.09540905058383942, 0.00431114761158824, -0.033205386251211166, -0.02977066859602928, -0.00837351381778717, 0.16283024847507477, 0.1502564698457718, -0.10015193372964859, -0.14911426603794098, 0.05636736378073692, -0.09796055406332016, 0.02409229427576065, 0.037523627281188965, -0.12961851060390472, -0.20487892627716064, -0.31071600317955017, 0.129206120967865, 0.4350489377975464, 0.19372905790805817, -0.18829527497291565, -0.01312151737511158, -0.13421176373958588, -0.01495333481580019, 0.12973088026046753, 0.07446703314781189, -0.08620581775903702, -0.01947743445634842, -0.0683922991156578, 0.07921843230724335, 0.09700031578540802, 0.06321829557418823, -0.11063456535339355, 0.2783021330833435, 0.01833176612854004, 0.022862084209918976, -0.0018662200309336185, 0.0005901157855987549, -0.16301847994327545, 0.006064300425350666, -0.15355274081230164, -0.047134555876255035, 0.06561105698347092, -0.01167724933475256, 0.03452669456601143, 0.08793362975120544, -0.17115265130996704, 0.14242392778396606, 0.06491772085428238, -0.011784096248447895, 0.04956323280930519, 0.07126853615045547, -0.19884151220321655, -0.03422534093260765, 0.15193839371204376, -0.21385081112384796, 0.20196343958377838, 0.16504403948783875, 0.05184692144393921, 0.22547508776187897, 0.13374784588813782, 0.053573936223983765, -0.0030999677255749702, 0.03799262270331383, -0.06414009630680084, -0.0028893277049064636, 0.08055391907691956, -0.02015254832804203, 0.11192385107278824, 0.009988456033170223]
13		[-0.17487066984176636, 0.12928545475006104, 0.09654203802347183, -0.028938759118318558, -0.01470195222645998, 0.025529615581035614, -0.01396750658750534, -0.024526935070753098, 0.222650945186615, -0.06238623708486557, 0.2597651481628418, 0.0220326017588377, -0.1708061248064041, -0.07366656512022018, 0.007541792467236519, 0.1351427584886551, -0.18799039721488953, 0.030403759330511093, -0.1023261547088623, -0.14826832711696625, 0.06397786736488342, 0.10754293203353882, 0.06205189600586891, 0.0578693225979805, -0.15912795066833496, -0.3599342107772827, -0.09307970106601715, -0.1004677265882492, 0.0542127750813961, -0.06527307629585266, -0.024749811738729477, -0.03283975273370743, -0.20533223450183868, -0.10116115212440491, -0.058257073163986206, 0.015267027541995049, -0.0056870742700994015, -0.046799514442682266, 0.10129696875810623, 0.03008362650871277, -0.05919738858938217, 0.02112519182264805, 0.01669473573565483, 0.27324986457824707, 0.15089060366153717, 0.045548297464847565, 0.003180611878633499, -0.0323665551841259, 0.06722401082515717, -0.24088533222675323, 0.067081518471241, 0.07699257135391235, 0.05322777479887009, 0.05003703758120537, 0.06752467900514603, -0.13985338807106018, -0.03473815321922302, 0.12156394124031067, -0.15704870223999023, 0.08334501087665558, 0.020847629755735397, -0.017840614542365074, -0.03372706472873688, -0.020081521943211555, 0.18608343601226807, 0.15090714395046234, -0.10599683970212936, -0.12106017768383026, 0.05053112655878067, -0.07977183163166046, 0.03979358822107315, 0.02533005364239216, -0.11098912358283997, -0.20687448978424072, -0.3000306189060211, 0.14228005707263947, 0.41621291637420654, 0.1762954443693161, -0.18538767099380493, -0.013798542320728302, -0.18168440461158752, 0.024794070050120354, 0.1034582108259201, 0.0040368130430579185, -0.0859234556555748, -0.013939790427684784, -0.09591354429721832, 0.0926426500082016, 0.10766737163066864, 0.015347045846283436, -0.08042514324188232, 0.2861388027667999, 0.010225718840956688, 0.026671703904867172, -0.0014242730103433132, 0.026878319680690765, -0.15693515539169312, 0.00915952306240797, -0.1134883463382721, -0.00993961002677679, 0.08690527826547623, -0.03616292029619217, 0.03621050715446472, 0.0680590346455574, -0.19390739500522614, 0.1690210998058319, 0.05024995654821396, -0.02317146211862564, 0.05112716555595398, 0.06868642568588257, -0.19585470855236053, -0.03214741870760918, 0.16579744219779968, -0.2170192003250122, 0.1730635166168213, 0.17576739192008972, 0.023988744243979454, 0.24681590497493744, 0.11706742644309998, 0.09224173426628113, -0.029124777764081955, 0.029125206172466278, -0.07174475491046906, -0.011461978778243065, 0.08000164479017258, -0.0240018293261528, 0.09528848528862, 0.03445877134799957]
14		[-0.136257603764534, 0.1433134377002716, 0.10258489847183228, -0.06051352620124817, -0.0027355626225471497, 0.04244586080312729, -0.02699335478246212, -0.02266175113618374, 0.22360579669475555, -0.059862252324819565, 0.29304039478302, 0.03006649576127529, -0.14375507831573486, -0.11392086744308472, 0.019159547984600067, 0.12830710411071777, -0.2417559027671814, 0.0009301900863647461, -0.06023181602358818, -0.11819813400506973, 0.0455872006714344, 0.08731655776500702, 0.06621921807527542, 0.0626593828201294, -0.17814818024635315, -0.36552754044532776, -0.07526834309101105, -0.12249859422445297, 0.08542034029960632, -0.0740271732211113, -0.05700165033340454, -0.04409213364124298, -0.2152327001094818, -0.07851029187440872, -0.043379344046115875, 0.007521729916334152, 0.02371298149228096, -0.06281287968158722, 0.12355324625968933, 0.0025372356176376343, -0.06937561184167862, 0.005287069361656904, 0.012813761830329895, 0.2561042010784149, 0.1666860282421112, 0.018005162477493286, 0.0032731927931308746, -0.018601130694150925, 0.09665574133396149, -0.2506203055381775, 0.11647506058216095, 0.06838949769735336, 0.050025880336761475, 0.050272051244974136, 0.05326166749000549, -0.12975482642650604, -0.0782172828912735, 0.12783007323741913, -0.16967302560806274, 0.07657317817211151, 0.0067260549403727055, 0.015432106330990791, -0.014303580857813358, -0.016419680789113045, 0.175845205783844, 0.18784749507904053, -0.12664858996868134, -0.1550397127866745, 0.030731722712516785, -0.08645253628492355, 0.035578593611717224, 0.04646562784910202, -0.09985489398241043, -0.17255951464176178, -0.3038733899593353, 0.12401676177978516, 0.40912753343582153, 0.1566729098558426, -0.18303154408931732, -0.0583534762263298, -0.18511469662189484, -0.02470403164625168, 0.09660932421684265, -0.0013792163226753473, -0.07695470750331879, -0.004861671477556229, -0.09728255867958069, 0.1241903230547905, 0.14129626750946045, 0.024833276867866516, -0.09709639847278595, 0.27640655636787415, -0.021555090323090553, 0.03842156380414963, -0.027853379026055336, 0.08261547237634659, -0.1374674290418625, 0.03462667390704155, -0.10600428283214569, 0.01683833822607994, 0.08177175372838974, 0.009864221327006817, 0.01901555247604847, 0.11690512299537659, -0.19071993231773376, 0.15126432478427887, 0.04730517044663429, -0.026003919541835785, 0.04809067025780678, 0.05618233233690262, -0.17881347239017487, -0.0404236875474453, 0.1441829353570938, -0.22573208808898926, 0.17571008205413818, 0.1489713340997696, 0.04317022114992142, 0.21843622624874115, 0.0771564468741417, 0.036686964333057404, -0.0025768140330910683, -0.029350806027650833, -0.07832466065883636, -0.014300929382443428, 0.06322554498910904, -0.017620699480175972, 0.10870033502578735, 0.02538236789405346]
15		[-0.17810499668121338, 0.13747000694274902, 0.09507305920124054, -0.049248989671468735, -0.009053202345967293, 0.013803187757730484, -0.007896419614553452, -0.021877054125070572, 0.24263514578342438, -0.08954934775829315, 0.2716750204563141, 0.03259226679801941, -0.20936338603496552, -0.08605840057134628, -0.07351396232843399, 0.10362405329942703, -0.20359982550144196, -0.010188968852162361, -0.07112600654363632, -0.08175047487020493, 0.06076845899224281, 0.08780736476182938, 0.06397628039121628, 0.05269133299589157, -0.1596141755580902, -0.343733549118042, -0.08035318553447723, -0.09494013339281082, 0.026103593409061432, -0.11083747446537018, -0.014897793531417847, -0.016764706000685692, -0.20406822860240936, -0.09875372052192688, -0.07713218778371811, 0.06228140741586685, -0.019206035882234573, -0.044958245009183884, 0.14199037849903107, 0.07701025903224945, -0.08169354498386383, 0.018455132842063904, -0.04614076763391495, 0.329733282327652, 0.16462135314941406, 0.012163801118731499, -0.02795393019914627, -0.047865111380815506, 0.09135641902685165, -0.27960965037345886, 0.076551653444767, 0.10594600439071655, 0.04734533280134201, 0.024171803146600723, 0.11405061185359955, -0.12860798835754395, -0.0447755791246891, 0.1622551530599594, -0.18432942032814026, 0.1033557876944542, -0.015175357460975647, -0.005987886339426041, 0.0031344573944807053, -0.04355116933584213, 0.155385360121727, 0.15809014439582825, -0.12719160318374634, -0.11387607455253601, 0.09943191707134247, -0.10980188101530075, 0.01714581809937954, 0.07498529553413391, -0.08137882500886917, -0.2265561819076538, -0.30084413290023804, 0.13430413603782654, 0.40103021264076233, 0.20904839038848877, -0.16057761013507843, -0.021456755697727203, -0.1267043650150299, -0.03082468919456005, 0.10238493978977203, 0.061307862401008606, -0.08790124952793121, 0.03247235342860222, -0.08404649794101715, 0.07680677622556686, 0.09002187848091125, 0.07788532227277756, -0.14210805296897888, 0.29516682028770447, -0.026774797588586807, 0.033604998141527176, 0.034036919474601746, 0.0029137548990547657, -0.13783465325832367, 0.010420441627502441, -0.15601709485054016, -0.0037841126322746277, 0.07093308120965958, -0.06742222607135773, -0.003369210986420512, 0.08642891049385071, -0.12034176290035248, 0.10555090010166168, 0.022625427693128586, -0.02672528475522995, 0.013980019837617874, 0.029317738488316536, -0.20366907119750977, 0.0023163012228906155, 0.17281457781791687, -0.2670801281929016, 0.20589758455753326, 0.15471848845481873, 0.03206907957792282, 0.20067505538463593, 0.14255253970623016, 0.017690910026431084, 0.01257244311273098, 0.002405928447842598, -0.07042551785707474, -0.029830295592546463, 0.06169472634792328, -0.03632310405373573, 0.13942445814609528, -0.0008967462927103043]
16		[-0.16347603499889374, 0.14256992936134338, 0.08536212891340256, -0.026639265939593315, -0.01884792372584343, 0.007850480265915394, 0.01223077718168497, -0.03879588097333908, 0.24863219261169434, -0.07016311585903168, 0.22709226608276367, 0.036626990884542465, -0.17607630789279938, -0.0772869810461998, -0.04185723513364792, 0.09159532189369202, -0.20348936319351196, -0.04666829854249954, -0.07023598998785019, -0.08914760500192642, 0.035143058747053146, 0.057025957852602005, 0.0429704450070858, 0.05308226868510246, -0.17665155231952667, -0.3265414237976074, -0.07122188806533813, -0.11572713404893875, 0.056483928114175797, -0.06883714348077774, -0.04594787210226059, -0.023830946534872055, -0.20034661889076233, -0.10111222416162491, -0.0646059662103653, 0.011413425207138062, 0.007383369375020266, -0.04449557512998581, 0.1397380232810974, 0.04454461857676506, -0.12498217821121216, 0.03290270268917084, -0.03405309468507767, 0.32689186930656433, 0.14983710646629333, 0.015175898559391499, -0.017362622544169426, -0.06760618090629578, 0.10917825996875763, -0.2355269342660904, 0.08681227266788483, 0.12967084348201752, 0.022167395800352097, 0.02300555631518364, 0.05596848577260971, -0.11111737787723541, -0.029089275747537613, 0.14173445105552673, -0.19700944423675537, 0.1066293865442276, 0.05687975883483887, -0.010937545448541641, 0.004384138621389866, -0.03528907895088196, 0.14266635477542877, 0.15387290716171265, -0.10396650433540344, -0.13727954030036926, 0.05903436243534088, -0.13640037178993225, 0.03948330134153366, 0.06644109636545181, -0.08695206791162491, -0.2137763649225235, -0.2912135720252991, 0.13375110924243927, 0.4120141565799713, 0.20877303183078766, -0.12925079464912415, -0.03541108965873718, -0.1746523082256317, -0.011392008513212204, 0.14080765843391418, 0.044677477329969406, -0.09366551041603088, -0.0038041258230805397, -0.09881747514009476, 0.07175906747579575, 0.1395542472600937, 0.06609486788511276, -0.1031922772526741, 0.2699696123600006, 0.0003206450492143631, -0.019244376569986343, -0.010035945102572441, 0.042400144040584564, -0.1612246334552765, 0.032170288264751434, -0.1173362284898758, 0.009105680510401726, 0.06941818445920944, -0.04776058346033096, 0.02779560536146164, 0.10861542820930481, -0.16560910642147064, 0.10255604237318039, 0.030065862461924553, -0.013003351166844368, 0.04965105652809143, 0.037761181592941284, -0.1641145497560501, -0.06163991242647171, 0.14336363971233368, -0.2246025949716568, 0.17933358252048492, 0.15204596519470215, 0.05889693275094032, 0.1832273155450821, 0.10083720088005066, 0.031316570937633514, -0.01949208229780197, -0.0023944368585944176, -0.07151428610086441, -0.008433246985077858, 0.0672239363193512, -0.02110481821000576, 0.12545213103294373, 0.003669202793389559]
17		[-0.1929466426372528, 0.11866947263479233, 0.06095677986741066, -0.0352507010102272, -0.004438566043972969, 0.008788502775132656, 0.07019626349210739, -0.027064096182584763, 0.2430873066186905, -0.03190550580620766, 0.24466511607170105, -0.00521223247051239, -0.19061076641082764, -0.06056588888168335, 0.04596179723739624, 0.10666964948177338, -0.2180333137512207, -0.04144097864627838, -0.10033868998289108, -0.13234885036945343, 0.07149966806173325, 0.02602207474410534, 0.00137822434771806, 0.08357306569814682, -0.13657371699810028, -0.37498345971107483, -0.04492790997028351, -0.12902571260929108, 0.0748518854379654, -0.032433412969112396, 0.015162155963480473, -0.017063332721590996, -0.2341896891593933, -0.055147312581539154, -0.07225649803876877, -0.035703662782907486, 0.026242125779390335, -0.03560398146510124, 0.13304975628852844, 0.017706390470266342, -0.11848370730876923, -0.03573305159807205, -0.02211974747478962, 0.2712348401546478, 0.14241446554660797, -0.0005418041255325079, 0.025595804676413536, -0.01121196337044239, 0.06581125408411026, -0.23372510075569153, 0.06903267651796341, 0.11901459097862244, 0.09099677950143814, 0.02368023619055748, 0.052748553454875946, -0.14048558473587036, -0.06645958125591278, 0.05851628631353378, -0.14916743338108063, 0.10596141219139099, 0.03782318904995918, -0.05923403799533844, -0.06630446016788483, -0.07502301782369614, 0.17060451209545135, 0.15282496809959412, -0.07884597033262253, -0.1592169553041458, 0.08132287859916687, -0.1127043068408966, 5.942583084106445e-05, 0.029286354780197144, -0.1224166601896286, -0.18559414148330688, -0.31039729714393616, 0.09229782968759537, 0.39005592465400696, 0.1452992707490921, -0.19399069249629974, -0.0012170812115073204, -0.20748762786388397, 0.03637911379337311, 0.1144602820277214, 0.037453025579452515, -0.058656636625528336, 0.009959297254681587, -0.08877475559711456, 0.0885293260216713, 0.14752529561519623, -0.0031966660171747208, -0.10551296919584274, 0.23268672823905945, -0.032743364572525024, -0.028469212353229523, -0.039052627980709076, -0.005788473412394524, -0.07897491008043289, 0.009931739419698715, -0.06546397507190704, -0.0062435101717710495, 0.07307446002960205, -0.02929535135626793, 0.018387697637081146, 0.059475842863321304, -0.24732346832752228, 0.13330599665641785, 0.055178988724946976, 0.008570010773837566, 0.04387621581554413, 0.05948970094323158, -0.15039005875587463, -0.024056194350123405, 0.14910875260829926, -0.2228492945432663, 0.22158460319042206, 0.18306612968444824, 0.013910985551774502, 0.19985921680927277, 0.017137771472334862, 0.050886087119579315, -0.021584555506706238, 0.016506943851709366, -0.09464690834283829, -0.0113240797072649, 0.05394876003265381, 0.006926113739609718, 0.053245097398757935, 0.029062660411000252]
18		[-0.10207197070121765, 0.11114617437124252, 0.07860780507326126, -0.03200286254286766, -0.055848315358161926, 0.01018904522061348, -0.005282353609800339, -0.04934260994195938, 0.2438046932220459, -0.05226706340909004, 0.2982735335826874, 0.02265223301947117, -0.18379001319408417, -0.10492884367704391, 0.0038030417636036873, 0.0813528448343277, -0.2349105328321457, -0.017757896333932877, -0.042595360428094864, -0.08465327322483063, 0.04808996245265007, 0.06450286507606506, 0.040829021483659744, 0.059988342225551605, -0.14382198452949524, -0.38304582238197327, -0.05957873538136482, -0.13565318286418915, 0.07807211577892303, -0.04894189536571503, 0.005305462051182985, 0.002495798282325268, -0.18338878452777863, -0.08764541894197464, -0.030087601393461227, -0.0007439553737640381, -0.01743362471461296, -0.07984347641468048, 0.17058458924293518, -0.018544167280197144, -0.13119089603424072, 0.021218236535787582, -0.014569474384188652, 0.2961481213569641, 0.13487210869789124, 0.003081846982240677, 0.0020662378519773483, -0.03669654205441475, 0.15813294053077698, -0.24420247972011566, 0.1164783462882042, 0.13502390682697296, 0.11303698271512985, 0.013204270973801613, 0.11380758881568909, -0.11864008009433746, -0.032261162996292114, 0.18886065483093262, -0.227763831615448, 0.10350251197814941, 0.03082764334976673, 0.00014240480959415436, 0.040438346564769745, -0.07412918657064438, 0.1677306741476059, 0.14942491054534912, -0.10843873023986816, -0.12414265424013138, 0.033909738063812256, -0.11934936791658401, -0.0012527857907116413, 0.09351629763841629, -0.12230440974235535, -0.23704460263252258, -0.29785779118537903, 0.10794058442115784, 0.40562042593955994, 0.18923519551753998, -0.18283461034297943, -0.05235744267702103, -0.1243022084236145, -0.027569063007831573, 0.1355324387550354, 0.039259470999240875, -0.05195675790309906, -0.04658609256148338, -0.10439040511846542, 0.04363956302404404, 0.15920814871788025, 0.027805402874946594, -0.10983171314001083, 0.2953428626060486, -0.019926216453313828, -0.022431623190641403, -0.03420558571815491, 0.006768685765564442, -0.11853313446044922, 0.03730388358235359, -0.08895021677017212, 0.0160793699324131, 0.05757460370659828, -0.04524518549442291, 0.0035549565218389034, 0.07049815356731415, -0.22497104108333588, 0.11979317665100098, 0.027633601799607277, 0.002013418823480606, 0.05920610576868057, -0.003486975561827421, -0.1498829424381256, -0.015622026287019253, 0.1747463047504425, -0.2878440022468567, 0.23273134231567383, 0.11925238370895386, 0.07043113559484482, 0.22341404855251312, 0.016833387315273285, 0.003726331517100334, -0.02299550175666809, -0.06949201226234436, -0.08726382255554199, -0.038228463381528854, 0.0651635155081749, -0.03622952103614807, 0.10688406229019165, -0.0035765264183282852]
19		[-0.02879449911415577, 0.07789547741413116, 0.05108492076396942, -0.06787998974323273, -0.09817317873239517, -0.056503117084503174, -0.06757442653179169, -0.07043763250112534, 0.18276745080947876, -0.13113810122013092, 0.20788408815860748, -0.020862817764282227, -0.2698172330856323, -0.009696892462670803, -0.02555798552930355, 0.19517287611961365, -0.1530085653066635, -0.045901939272880554, -0.15483815968036652, -0.10944024473428726, -0.039423681795597076, 0.03327975049614906, -0.01867689937353134, 0.039428871124982834, -0.09250681102275848, -0.26364490389823914, -0.08225954324007034, -0.05552821606397629, -0.005461623892188072, -0.09165477752685547, 0.035903431475162506, 0.10170600563287735, -0.11837968230247498, -0.03770490363240242, 0.02991020865738392, 0.019452018663287163, -0.12132614105939865, -0.1109415739774704, 0.17898628115653992, -0.03539223223924637, -0.1685052514076233, -0.044959843158721924, 0.03285824507474899, 0.26084840297698975, 0.20389977097511292, -0.03716348856687546, 0.04965972527861595, -0.09462233632802963, 0.1329842507839203, -0.328339159488678, -0.01123114675283432, 0.10596472769975662, 0.006847312208265066, 0.1201118603348732, 0.0727020651102066, -0.20622682571411133, 0.0513690747320652, 0.18942058086395264, -0.17623190581798553, 0.015217914246022701, 0.051954299211502075, -0.136936753988266, -0.1081530898809433, -0.059179626405239105, 0.21195387840270996, 0.10615698993206024, -0.14189238846302032, -0.20447281002998352, 0.16950127482414246, -0.17270159721374512, 0.008305863477289677, 0.10434766858816147, -0.10312704741954803, -0.2252659946680069, -0.2826306223869324, 0.08615579456090927, 0.3829570412635803, 0.169667586684227, -0.11605118215084076, 0.04397164285182953, -0.05561957508325577, -0.01940763182938099, 0.0370233952999115, 0.07065192610025406, -0.04524829983711243, -0.07513699680566788, -0.050972215831279755, 0.039116643369197845, 0.17495861649513245, -0.09389381110668182, 0.01087954267859459, 0.2418091893196106, 0.020349476486444473, -0.03305564448237419, -0.023915333673357964, 0.013629870489239693, -0.10443311184644699, 0.03938783332705498, -0.10906563699245453, 0.04969754442572594, 0.10208391398191452, -0.10708020627498627, 0.027826283127069473, 0.08252832293510437, -0.15502290427684784, 0.21086128056049347, -0.013269736431539059, -0.008139063604176044, 0.040126070380210876, -0.02626541256904602, -0.11859086900949478, -0.05190771818161011, 0.21775594353675842, -0.26874426007270813, 0.18309709429740906, 0.1847861409187317, 0.10053884983062744, 0.16626965999603271, 0.05901513248682022, 0.11298038065433502, 0.00721336342394352, -0.024127863347530365, -0.17012327909469604, -0.03182085603475571, 0.0574331097304821, -0.022749116644263268, -0.05132683739066124, 0.005597126204520464]
